User Address, Score (ANY SCORE WORKS WILL BE USED AS WEIGHT RATIO)
0x00b32916575fcb38675309dbf122bb671fb60497,5630.543475558511
0x64f29301e87fabbdcf52989635ff9ddb8ae2e879,1453.1278289240536
0x84d5922ff253e7287b642091f5803df28a7e39aa,970.0
0x7ef021f62e3e7975fbc21d3202c5a1f19d53bb47,700.0