User Address, Score (ANY SCORE WORKS WILL BE USED AS WEIGHT RATIO)
0x9d94ef33e7f8087117f85b3ff7b1d8f27e4053d5,154381.05710878264
0x445cc6c3d51eb0a63395a613a0960c7922bca0d6,70292.7767861631
0x1d65d296b6ad7fdbf77d3c9cc44c9b2787f1a341,49075.99096510848
0xfe13988736d95d052c2e45e5b4e1ef2e2750b7f4,40403.61777875921
0x2ef2e49695f00fa835fb851c0575822f5f076a13,40000.0